date,description,amount
2026-09-15,SHIPPO INC MONTHLY,-49.00
2026-09-15,SHIPSTATION SUBSCRIPTION,-59.99
2026-09-16,STRIPE PAYOUT PB-0914,1444.60
2026-09-16,USPS POSTAGE BATCH,-612.40
2026-09-17,STRIPE PAYOUT PB-0915,1231.97
2026-09-18,STRIPE PAYOUT PB-0916,1696.46
2026-09-18,CLAYWORKS SUPPLY INV 2291,-3120.00
2026-09-19,STRIPE PAYOUT PB-0917,1325.54
2026-09-19,USPS POSTAGE BATCH,-588.15
2026-09-19,META ADS,-420.00
2026-09-20,STRIPE PAYOUT PB-0918,1539.55
2026-09-20,SQUARESPACE,-33.00
2026-09-21,STRIPE PAYOUT PB-0919,1527.01
2026-09-21,OWNER DRAW,-1500.00
2026-09-22,STRIPE PAYOUT PB-0920,1470.24
