order_id,created_at,customer,email,sku,qty,subtotal,shipping_charged,total,status,payout_batch
KK4126,2026-09-14T08:23:00,Jo Kim,jo.kim@example.com,KK-MUG-16,1,32.00,7.95,39.95,fulfilled,PB-0914
KK4103,2026-09-14T08:38:00,Ben Kim,ben.kim@example.com,KK-MUG-12,1,28.00,7.95,35.95,fulfilled,PB-0914
KK4107,2026-09-14T08:47:00,Lena Kim,lena.kim@example.com,KK-MUG-16,1,32.00,7.95,39.95,fulfilled,PB-0914
KK4124,2026-09-14T09:02:00,Pia Patel,pia.patel@example.com,KK-VAS-BUD,1,24.00,7.95,31.95,fulfilled,PB-0914
KK4111,2026-09-14T09:39:00,Lena Moreau,lena.moreau@example.com,KK-PLT-10,1,30.00,7.95,37.95,fulfilled,PB-0914
KK4128,2026-09-14T10:12:00,Pia Moreau,pia.moreau@example.com,KK-MUG-12,1,28.00,7.95,35.95,fulfilled,PB-0914
KK4119,2026-09-14T10:35:00,Tara Kim,tara.kim@example.com,KK-MUG-12,1,28.00,7.95,35.95,fulfilled,PB-0914
KK4104,2026-09-14T12:06:00,Ben Kim,ben.kim@example.com,KK-MUG-16,1,32.00,7.95,39.95,fulfilled,PB-0914
KK4123,2026-09-14T12:36:00,Kai Reyes,kai.reyes@example.com,KK-MUG-16,1,32.00,7.95,39.95,fulfilled,PB-0914
KK4125,2026-09-14T12:51:00,Pia Okafor,pia.okafor@example.com,KK-VAS-BUD,2,48.00,7.95,55.95,fulfilled,PB-0914
KK4117,2026-09-14T12:54:00,Milo Kim,milo.kim@example.com,KK-VAS-BUD,2,48.00,7.95,55.95,fulfilled,PB-0914
KK4121,2026-09-14T13:48:00,Omar Moreau,omar.moreau@example.com,KK-VAS-BUD,1,24.00,7.95,31.95,fulfilled,PB-0914
KK4114,2026-09-14T14:10:00,Gus Lind,gus.lind@example.com,KK-MUG-16,2,64.00,7.95,71.95,fulfilled,PB-0914
KK4102,2026-09-14T14:14:00,Milo Lind,milo.lind@example.com,KK-MUG-12,1,28.00,7.95,35.95,fulfilled,PB-0914
KK4108,2026-09-14T15:09:00,Dev Reyes,dev.reyes@example.com,KK-VAS-BUD,1,24.00,7.95,31.95,fulfilled,PB-0914
KK4127,2026-09-14T16:25:00,Ben Okafor,ben.okafor@example.com,KK-MUG-16,1,32.00,7.95,39.95,fulfilled,PB-0914
KK4129,2026-09-14T16:28:00,Ben Moreau,ben.moreau@example.com,KK-MUG-12,2,56.00,7.95,63.95,fulfilled,PB-0914
KK4118,2026-09-14T16:44:00,Ivan Kim,ivan.kim@example.com,KK-GFT-SET,1,88.00,0.00,88.00,fulfilled,PB-0914
KK4116,2026-09-14T16:57:00,Kai Patel,kai.patel@example.com,KK-MUG-12,1,28.00,7.95,35.95,fulfilled,PB-0914
KK4109,2026-09-14T17:33:00,Rosa Lind,rosa.lind@example.com,KK-BWL-SM,1,36.00,7.95,43.95,fulfilled,PB-0914
KK4105,2026-09-14T17:39:00,Chloe Patel,chloe.patel@example.com,KK-BWL-SM,1,36.00,7.95,43.95,fulfilled,PB-0914
KK4106,2026-09-14T17:50:00,Milo Lind,milo.lind@example.com,KK-GFT-SET,1,88.00,0.00,88.00,fulfilled,PB-0914
KK4122,2026-09-14T17:53:00,Rosa Reyes,rosa.reyes@example.com,KK-MUG-16,2,64.00,7.95,71.95,fulfilled,PB-0914
KK4110,2026-09-14T17:55:00,Milo Okafor,milo.okafor@example.com,KK-VAS-BUD,1,24.00,7.95,31.95,fulfilled,PB-0914
KK4112,2026-09-14T18:33:00,Emi Lind,emi.lind@example.com,KK-VAS-BUD,1,24.00,7.95,31.95,fulfilled,PB-0914
KK4101,2026-09-14T19:06:00,Ben Reyes,ben.reyes@example.com,KK-GFT-SET,2,176.00,0.00,176.00,fulfilled,PB-0914
KK4120,2026-09-14T19:24:00,Ben Patel,ben.patel@example.com,KK-BWL-SM,1,36.00,7.95,43.95,fulfilled,PB-0914
KK4115,2026-09-14T19:55:00,Quinn Patel,quinn.patel@example.com,KK-MUG-12,1,28.00,7.95,35.95,fulfilled,PB-0914
KK4113,2026-09-14T21:15:00,Gus Moreau,gus.moreau@example.com,KK-BWL-SM,2,72.00,7.95,79.95,fulfilled,PB-0914
KK4143,2026-09-15T09:12:00,Sam Patel,sam.patel@example.com,KK-GFT-SET,1,88.00,0.00,88.00,fulfilled,PB-0915
KK4147,2026-09-15T09:27:00,Dev Reyes,dev.reyes@example.com,KK-BWL-SM,1,36.00,7.95,43.95,fulfilled,PB-0915
KK4136,2026-09-15T10:08:00,Omar Moreau,omar.moreau@example.com,KK-BWL-SM,1,36.00,7.95,43.95,fulfilled,PB-0915
KK4130,2026-09-15T10:20:00,Rosa Lind,rosa.lind@example.com,KK-MUG-16,1,32.00,7.95,39.95,fulfilled,PB-0915
KK4135,2026-09-15T10:29:00,Ivan Kim,ivan.kim@example.com,KK-MUG-12,1,28.00,7.95,35.95,fulfilled,PB-0915
KK4150,2026-09-15T10:30:00,Omar Moreau,omar.moreau@example.com,KK-MUG-12,1,28.00,7.95,35.95,fulfilled,PB-0915
KK4144,2026-09-15T10:32:00,Nia Patel,nia.patel@example.com,KK-MUG-12,2,56.00,7.95,63.95,fulfilled,PB-0915
KK4153,2026-09-15T10:51:00,Hana Patel,hana.patel@example.com,KK-MUG-12,1,28.00,7.95,35.95,fulfilled,PB-0915
KK4140,2026-09-15T11:33:00,Jo Lind,jo.lind@example.com,KK-MUG-12,1,28.00,7.95,35.95,fulfilled,PB-0915
KK4132,2026-09-15T11:56:00,Dev Okafor,dev.okafor@example.com,KK-GFT-SET,2,176.00,0.00,176.00,fulfilled,PB-0915
KK4133,2026-09-15T11:57:00,Omar Reyes,omar.reyes@example.com,KK-MUG-12,1,28.00,7.95,35.95,fulfilled,PB-0915
KK4138,2026-09-15T14:47:00,Ivan Patel,ivan.patel@example.com,KK-VAS-BUD,2,48.00,7.95,55.95,fulfilled,PB-0915
KK4137,2026-09-15T15:47:00,Tara Okafor,tara.okafor@example.com,KK-VAS-BUD,1,24.00,7.95,31.95,fulfilled,PB-0915
KK4146,2026-09-15T16:19:00,Jo Kim,jo.kim@example.com,KK-MUG-16,1,32.00,7.95,39.95,fulfilled,PB-0915
KK4149,2026-09-15T16:48:00,Ana Lind,ana.lind@example.com,KK-BWL-SM,1,36.00,7.95,43.95,fulfilled,PB-0915
KK4142,2026-09-15T17:09:00,Chloe Reyes,chloe.reyes@example.com,KK-MUG-12,1,28.00,7.95,35.95,fulfilled,PB-0915
KK4134,2026-09-15T18:03:00,Dev Kim,dev.kim@example.com,KK-MUG-12,2,56.00,7.95,63.95,fulfilled,PB-0915
KK4141,2026-09-15T18:15:00,Ben Reyes,ben.reyes@example.com,KK-MUG-12,1,28.00,7.95,35.95,fulfilled,PB-0915
KK4145,2026-09-15T18:16:00,Hana Moreau,hana.moreau@example.com,KK-MUG-12,1,28.00,7.95,35.95,fulfilled,PB-0915
KK4139,2026-09-15T18:49:00,Ivan Patel,ivan.patel@example.com,KK-MUG-16,2,64.00,7.95,71.95,fulfilled,PB-0915
KK4154,2026-09-15T18:51:00,Emi Moreau,emi.moreau@example.com,KK-VAS-BUD,1,24.00,7.95,31.95,fulfilled,PB-0915
KK4152,2026-09-15T19:52:00,Sam Reyes,sam.reyes@example.com,KK-MUG-12,1,28.00,7.95,35.95,fulfilled,PB-0915
KK4131,2026-09-15T20:03:00,Ivan Kim,ivan.kim@example.com,KK-MUG-16,1,32.00,7.95,39.95,fulfilled,PB-0915
KK4148,2026-09-15T20:38:00,Farah Patel,farah.patel@example.com,KK-MUG-12,1,28.00,7.95,35.95,fulfilled,PB-0915
KK4151,2026-09-15T20:56:00,Lena Okafor,lena.okafor@example.com,KK-BWL-SM,1,36.00,7.95,43.95,fulfilled,PB-0915
KK4155,2026-09-15T21:45:00,Farah Reyes,farah.reyes@example.com,KK-PLT-10,1,30.00,7.95,37.95,fulfilled,PB-0915
KK4172,2026-09-16T08:21:00,Ana Okafor,ana.okafor@example.com,KK-MUG-16,1,32.00,7.95,39.95,fulfilled,PB-0916
KK4157,2026-09-16T08:28:00,Quinn Kim,quinn.kim@example.com,KK-BWL-SM,1,36.00,7.95,43.95,fulfilled,PB-0916
KK4169,2026-09-16T08:28:00,Dev Okafor,dev.okafor@example.com,KK-MUG-12,1,28.00,7.95,35.95,fulfilled,PB-0916
KK4166,2026-09-16T09:28:00,Rosa Reyes,rosa.reyes@example.com,KK-MUG-12,1,28.00,7.95,35.95,fulfilled,PB-0916
KK4177,2026-09-16T10:14:00,Ben Okafor,ben.okafor@example.com,KK-MUG-16,2,64.00,7.95,71.95,fulfilled,PB-0916
KK4158,2026-09-16T11:18:00,Omar Moreau,omar.moreau@example.com,KK-MUG-12,1,28.00,7.95,35.95,fulfilled,PB-0916
KK4174,2026-09-16T11:19:00,Rosa Patel,rosa.patel@example.com,KK-GFT-SET,2,176.00,0.00,176.00,fulfilled,PB-0916
KK4304,2026-09-16T11:20:00,Omar Moreau,omar.moreau@example.com,KK-MUG-12,1,28.00,7.95,35.95,fulfilled,PB-0916
KK4156,2026-09-16T11:24:00,Lena Reyes,lena.reyes@example.com,KK-VAS-BUD,1,24.00,7.95,31.95,fulfilled,PB-0916
KK4185,2026-09-16T12:14:00,Emi Reyes,emi.reyes@example.com,KK-MUG-12,1,28.00,7.95,35.95,fulfilled,PB-0916
KK4175,2026-09-16T12:17:00,Emi Patel,emi.patel@example.com,KK-VAS-BUD,1,24.00,7.95,31.95,fulfilled,PB-0916
KK4183,2026-09-16T13:33:00,Omar Patel,omar.patel@example.com,KK-VAS-BUD,1,24.00,7.95,31.95,fulfilled,PB-0916
KK4160,2026-09-16T14:13:00,Ben Moreau,ben.moreau@example.com,KK-GFT-SET,1,88.00,0.00,88.00,fulfilled,PB-0916
KK4180,2026-09-16T15:30:00,Quinn Patel,quinn.patel@example.com,KK-BWL-SM,1,36.00,7.95,43.95,fulfilled,PB-0916
KK4159,2026-09-16T15:37:00,Rosa Okafor,rosa.okafor@example.com,KK-PLT-10,1,30.00,7.95,37.95,fulfilled,PB-0916
KK4178,2026-09-16T15:49:00,Omar Reyes,omar.reyes@example.com,KK-TPT-1L,1,78.00,0.00,78.00,fulfilled,PB-0916
KK4167,2026-09-16T15:54:00,Ivan Patel,ivan.patel@example.com,KK-GFT-SET,2,176.00,0.00,176.00,fulfilled,PB-0916
KK4161,2026-09-16T16:01:00,Emi Okafor,emi.okafor@example.com,KK-MUG-12,1,28.00,7.95,35.95,fulfilled,PB-0916
KK4182,2026-09-16T16:04:00,Nia Okafor,nia.okafor@example.com,KK-MUG-12,1,28.00,7.95,35.95,fulfilled,PB-0916
KK4165,2026-09-16T16:09:00,Sam Kim,sam.kim@example.com,KK-TPT-1L,1,78.00,0.00,78.00,fulfilled,PB-0916
KK4163,2026-09-16T16:10:00,Tara Lind,tara.lind@example.com,KK-PLT-10,1,30.00,7.95,37.95,fulfilled,PB-0916
KK4179,2026-09-16T16:33:00,Chloe Moreau,chloe.moreau@example.com,KK-BWL-SM,2,72.00,7.95,79.95,fulfilled,PB-0916
KK4173,2026-09-16T16:59:00,Pia Kim,pia.kim@example.com,KK-VAS-BUD,1,24.00,7.95,31.95,fulfilled,PB-0916
KK4162,2026-09-16T18:39:00,Tara Okafor,tara.okafor@example.com,KK-MUG-16,2,64.00,7.95,71.95,fulfilled,PB-0916
KK4171,2026-09-16T19:13:00,Tara Kim,tara.kim@example.com,KK-MUG-12,2,56.00,7.95,63.95,fulfilled,PB-0916
KK4164,2026-09-16T19:16:00,Chloe Patel,chloe.patel@example.com,KK-PLT-10,1,30.00,7.95,37.95,fulfilled,PB-0916
KK4168,2026-09-16T20:22:00,Dev Lind,dev.lind@example.com,KK-VAS-BUD,1,24.00,7.95,31.95,fulfilled,PB-0916
KK4176,2026-09-16T21:02:00,Milo Patel,milo.patel@example.com,KK-MUG-12,1,28.00,7.95,35.95,fulfilled,PB-0916
KK4181,2026-09-16T21:14:00,Rosa Reyes,rosa.reyes@example.com,KK-MUG-12,1,28.00,7.95,35.95,fulfilled,PB-0916
KK4184,2026-09-16T21:23:00,Quinn Patel,quinn.patel@example.com,KK-BWL-SM,2,72.00,7.95,79.95,fulfilled,PB-0916
KK4170,2026-09-16T21:45:00,Nia Kim,nia.kim@example.com,KK-PLT-10,2,60.00,7.95,67.95,fulfilled,PB-0916
KK4193,2026-09-17T09:14:00,Emi Patel,emi.patel@example.com,KK-PLT-10,2,60.00,7.95,67.95,fulfilled,PB-0917
KK4211,2026-09-17T09:25:00,Milo Kim,milo.kim@example.com,KK-PLT-10,1,30.00,7.95,37.95,fulfilled,PB-0917
KK4200,2026-09-17T09:34:00,Pia Lind,pia.lind@example.com,KK-MUG-12,1,28.00,7.95,35.95,fulfilled,PB-0917
KK4204,2026-09-17T09:47:00,Ben Moreau,ben.moreau@example.com,KK-MUG-12,1,28.00,7.95,35.95,fulfilled,PB-0917
KK4191,2026-09-17T10:20:00,Ivan Kim,ivan.kim@example.com,KK-GFT-SET,2,176.00,0.00,176.00,fulfilled,PB-0917
KK4195,2026-09-17T10:26:00,Farah Lind,farah.lind@example.com,KK-GFT-SET,1,88.00,0.00,88.00,fulfilled,PB-0917
KK4198,2026-09-17T10:45:00,Pia Reyes,pia.reyes@example.com,KK-GFT-SET,1,88.00,0.00,88.00,fulfilled,PB-0917
KK4196,2026-09-17T11:44:00,Pia Kim,pia.kim@example.com,KK-VAS-BUD,2,48.00,7.95,55.95,fulfilled,PB-0917
KK4212,2026-09-17T12:30:00,Sam Lind,sam.lind@example.com,KK-VAS-BUD,1,24.00,7.95,31.95,fulfilled,PB-0917
KK4210,2026-09-17T12:35:00,Ana Lind,ana.lind@example.com,KK-MUG-12,1,28.00,7.95,35.95,fulfilled,PB-0917
KK4192,2026-09-17T13:23:00,Ben Patel,ben.patel@example.com,KK-MUG-12,2,56.00,7.95,63.95,fulfilled,PB-0917
KK4199,2026-09-17T13:47:00,Ivan Kim,ivan.kim@example.com,KK-MUG-16,2,64.00,7.95,71.95,fulfilled,PB-0917
KK4213,2026-09-17T13:47:00,Lena Moreau,lena.moreau@example.com,KK-MUG-12,1,28.00,7.95,35.95,fulfilled,PB-0917
KK4202,2026-09-17T14:33:00,Hana Reyes,hana.reyes@example.com,KK-MUG-16,1,32.00,7.95,39.95,fulfilled,PB-0917
KK4207,2026-09-17T14:55:00,Dev Okafor,dev.okafor@example.com,KK-VAS-BUD,1,24.00,7.95,31.95,fulfilled,PB-0917
KK4187,2026-09-17T15:33:00,Gus Kim,gus.kim@example.com,KK-BWL-SM,1,36.00,7.95,43.95,fulfilled,PB-0917
KK4197,2026-09-17T16:18:00,Dev Lind,dev.lind@example.com,KK-GFT-SET,2,176.00,0.00,176.00,fulfilled,PB-0917
KK4186,2026-09-17T16:39:00,Jo Patel,jo.patel@example.com,KK-MUG-12,1,28.00,7.95,35.95,fulfilled,PB-0917
KK4189,2026-09-17T16:39:00,Farah Okafor,farah.okafor@example.com,KK-MUG-16,2,64.00,7.95,71.95,fulfilled,PB-0917
KK4203,2026-09-17T16:44:00,Ben Lind,ben.lind@example.com,KK-BWL-SM,1,36.00,7.95,43.95,fulfilled,PB-0917
KK4201,2026-09-17T17:27:00,Jo Moreau,jo.moreau@example.com,KK-MUG-16,1,32.00,7.95,39.95,fulfilled,PB-0917
KK4190,2026-09-17T17:32:00,Tara Reyes,tara.reyes@example.com,KK-VAS-BUD,1,24.00,7.95,31.95,fulfilled,PB-0917
KK4188,2026-09-17T19:49:00,Farah Kim,farah.kim@example.com,KK-PLT-10,1,30.00,7.95,37.95,fulfilled,PB-0917
KK4208,2026-09-17T19:57:00,Gus Kim,gus.kim@example.com,KK-BWL-SM,2,72.00,7.95,79.95,fulfilled,PB-0917
KK4194,2026-09-17T21:15:00,Dev Okafor,dev.okafor@example.com,KK-PLT-10,1,30.00,7.95,37.95,fulfilled,PB-0917
KK4205,2026-09-17T21:17:00,Dev Kim,dev.kim@example.com,KK-MUG-12,1,28.00,7.95,35.95,fulfilled,PB-0917
KK4209,2026-09-17T21:38:00,Omar Moreau,omar.moreau@example.com,KK-MUG-12,1,28.00,7.95,35.95,fulfilled,PB-0917
KK4206,2026-09-17T21:59:00,Jo Reyes,jo.reyes@example.com,KK-MUG-12,1,28.00,7.95,35.95,fulfilled,PB-0917
KK4227,2026-09-18T08:14:00,Ben Patel,ben.patel@example.com,KK-GFT-SET,1,88.00,0.00,88.00,fulfilled,PB-0918
KK4220,2026-09-18T08:15:00,Ana Lind,ana.lind@example.com,KK-GFT-SET,1,88.00,0.00,88.00,fulfilled,PB-0918
KK4243,2026-09-18T08:44:00,Rosa Patel,rosa.patel@example.com,KK-VAS-BUD,1,24.00,7.95,31.95,fulfilled,PB-0918
KK4222,2026-09-18T09:48:00,Omar Reyes,omar.reyes@example.com,KK-MUG-12,2,56.00,7.95,63.95,fulfilled,PB-0918
KK4215,2026-09-18T09:52:00,Dev Lind,dev.lind@example.com,KK-MUG-12,1,28.00,7.95,35.95,fulfilled,PB-0918
KK4242,2026-09-18T10:33:00,Gus Reyes,gus.reyes@example.com,KK-VAS-BUD,2,48.00,7.95,55.95,fulfilled,PB-0918
KK4231,2026-09-18T10:41:00,Farah Moreau,farah.moreau@example.com,KK-MUG-12,1,28.00,7.95,35.95,fulfilled,PB-0918
KK4216,2026-09-18T11:26:00,Tara Kim,tara.kim@example.com,KK-MUG-12,1,28.00,7.95,35.95,fulfilled,PB-0918
KK4234,2026-09-18T11:43:00,Hana Patel,hana.patel@example.com,KK-GFT-SET,1,88.00,0.00,88.00,fulfilled,PB-0918
KK4233,2026-09-18T12:10:00,Ana Moreau,ana.moreau@example.com,KK-GFT-SET,1,88.00,0.00,88.00,fulfilled,PB-0918
KK4236,2026-09-18T12:14:00,Kai Moreau,kai.moreau@example.com,KK-MUG-16,1,32.00,7.95,39.95,fulfilled,PB-0918
KK4237,2026-09-18T12:30:00,Rosa Lind,rosa.lind@example.com,KK-VAS-BUD,1,24.00,7.95,31.95,fulfilled,PB-0918
KK4239,2026-09-18T13:11:00,Nia Lind,nia.lind@example.com,KK-MUG-16,1,32.00,7.95,39.95,fulfilled,PB-0918
KK4225,2026-09-18T13:50:00,Emi Okafor,emi.okafor@example.com,KK-VAS-BUD,1,24.00,7.95,31.95,fulfilled,PB-0918
KK4232,2026-09-18T14:12:00,Hana Reyes,hana.reyes@example.com,KK-MUG-16,1,32.00,7.95,39.95,fulfilled,PB-0918
KK4235,2026-09-18T14:30:00,Ben Moreau,ben.moreau@example.com,KK-MUG-12,1,28.00,7.95,35.95,fulfilled,PB-0918
KK4226,2026-09-18T14:54:00,Hana Lind,hana.lind@example.com,KK-VAS-BUD,1,24.00,7.95,31.95,fulfilled,PB-0918
KK4228,2026-09-18T15:21:00,Dev Lind,dev.lind@example.com,KK-PLT-10,1,30.00,7.95,37.95,fulfilled,PB-0918
KK4218,2026-09-18T16:32:00,Omar Lind,omar.lind@example.com,KK-MUG-12,2,56.00,7.95,63.95,fulfilled,PB-0918
KK4224,2026-09-18T16:38:00,Gus Patel,gus.patel@example.com,KK-BWL-SM,2,72.00,7.95,79.95,fulfilled,PB-0918
KK4229,2026-09-18T16:38:00,Omar Okafor,omar.okafor@example.com,KK-MUG-12,2,56.00,7.95,63.95,fulfilled,PB-0918
KK4221,2026-09-18T16:46:00,Kai Reyes,kai.reyes@example.com,KK-VAS-BUD,1,24.00,7.95,31.95,fulfilled,PB-0918
KK4217,2026-09-18T17:03:00,Quinn Okafor,quinn.okafor@example.com,KK-MUG-16,1,32.00,7.95,39.95,fulfilled,PB-0918
KK4238,2026-09-18T18:00:00,Ana Kim,ana.kim@example.com,KK-MUG-12,2,56.00,7.95,63.95,fulfilled,PB-0918
KK4214,2026-09-18T18:36:00,Chloe Moreau,chloe.moreau@example.com,KK-TPT-1L,1,78.00,0.00,78.00,fulfilled,PB-0918
KK4223,2026-09-18T19:12:00,Kai Patel,kai.patel@example.com,KK-VAS-BUD,2,48.00,7.95,55.95,fulfilled,PB-0918
KK4240,2026-09-18T19:13:00,Tara Reyes,tara.reyes@example.com,KK-MUG-12,1,28.00,7.95,35.95,fulfilled,PB-0918
KK4230,2026-09-18T19:49:00,Gus Okafor,gus.okafor@example.com,KK-GFT-SET,1,88.00,0.00,88.00,fulfilled,PB-0918
KK4241,2026-09-18T21:02:00,Gus Kim,gus.kim@example.com,KK-VAS-BUD,2,48.00,7.95,55.95,fulfilled,PB-0918
KK4219,2026-09-18T21:42:00,Ana Lind,ana.lind@example.com,KK-MUG-12,1,28.00,7.95,35.95,fulfilled,PB-0918
KK4259,2026-09-19T08:12:00,Kai Okafor,kai.okafor@example.com,KK-VAS-BUD,1,24.00,7.95,31.95,fulfilled,PB-0919
KK4266,2026-09-19T09:16:00,Milo Lind,milo.lind@example.com,KK-MUG-12,1,28.00,7.95,35.95,fulfilled,PB-0919
KK4257,2026-09-19T09:19:00,Milo Moreau,milo.moreau@example.com,KK-PLT-10,1,30.00,7.95,37.95,fulfilled,PB-0919
KK4246,2026-09-19T09:27:00,Ana Patel,ana.patel@example.com,KK-VAS-BUD,1,24.00,7.95,31.95,fulfilled,PB-0919
KK4247,2026-09-19T09:47:00,Ivan Reyes,ivan.reyes@example.com,KK-MUG-12,1,28.00,7.95,35.95,fulfilled,PB-0919
KK4268,2026-09-19T09:55:00,Pia Reyes,pia.reyes@example.com,KK-PLT-10,1,30.00,7.95,37.95,fulfilled,PB-0919
KK4274,2026-09-19T10:02:00,Tara Moreau,tara.moreau@example.com,KK-MUG-16,2,64.00,7.95,71.95,fulfilled,PB-0919
KK4253,2026-09-19T12:00:00,Pia Patel,pia.patel@example.com,KK-MUG-12,1,28.00,7.95,35.95,fulfilled,PB-0919
KK4252,2026-09-19T12:18:00,Rosa Okafor,rosa.okafor@example.com,KK-MUG-12,2,56.00,7.95,63.95,fulfilled,PB-0919
KK4265,2026-09-19T12:35:00,Ivan Okafor,ivan.okafor@example.com,KK-MUG-12,2,56.00,7.95,63.95,fulfilled,PB-0919
KK4264,2026-09-19T12:56:00,Jo Moreau,jo.moreau@example.com,KK-GFT-SET,1,88.00,0.00,88.00,fulfilled,PB-0919
KK4261,2026-09-19T12:57:00,Pia Reyes,pia.reyes@example.com,KK-VAS-BUD,2,48.00,7.95,55.95,fulfilled,PB-0919
KK4263,2026-09-19T13:19:00,Ben Moreau,ben.moreau@example.com,KK-VAS-BUD,1,24.00,7.95,31.95,fulfilled,PB-0919
KK4272,2026-09-19T13:23:00,Chloe Patel,chloe.patel@example.com,KK-MUG-16,2,64.00,7.95,71.95,fulfilled,PB-0919
KK4273,2026-09-19T13:32:00,Quinn Reyes,quinn.reyes@example.com,KK-VAS-BUD,1,24.00,7.95,31.95,fulfilled,PB-0919
KK4267,2026-09-19T14:08:00,Chloe Moreau,chloe.moreau@example.com,KK-MUG-12,1,28.00,7.95,35.95,fulfilled,PB-0919
KK4255,2026-09-19T14:31:00,Ben Patel,ben.patel@example.com,KK-GFT-SET,2,176.00,0.00,176.00,fulfilled,PB-0919
KK4262,2026-09-19T15:57:00,Jo Kim,jo.kim@example.com,KK-BWL-SM,2,72.00,7.95,79.95,fulfilled,PB-0919
KK4269,2026-09-19T16:17:00,Ivan Lind,ivan.lind@example.com,KK-MUG-16,2,64.00,7.95,71.95,fulfilled,PB-0919
KK4249,2026-09-19T16:21:00,Farah Patel,farah.patel@example.com,KK-PLT-10,1,30.00,7.95,37.95,fulfilled,PB-0919
KK4270,2026-09-19T16:23:00,Omar Patel,omar.patel@example.com,KK-MUG-12,1,28.00,7.95,35.95,fulfilled,PB-0919
KK4244,2026-09-19T16:56:00,Quinn Reyes,quinn.reyes@example.com,KK-PLT-10,1,30.00,7.95,37.95,fulfilled,PB-0919
KK4248,2026-09-19T18:42:00,Ana Lind,ana.lind@example.com,KK-VAS-BUD,1,24.00,7.95,31.95,fulfilled,PB-0919
KK4258,2026-09-19T19:07:00,Pia Kim,pia.kim@example.com,KK-MUG-12,1,28.00,7.95,35.95,fulfilled,PB-0919
KK4251,2026-09-19T19:15:00,Lena Okafor,lena.okafor@example.com,KK-BWL-SM,1,36.00,7.95,43.95,fulfilled,PB-0919
KK4260,2026-09-19T19:28:00,Chloe Reyes,chloe.reyes@example.com,KK-MUG-12,1,28.00,7.95,35.95,fulfilled,PB-0919
KK4245,2026-09-19T19:42:00,Milo Lind,milo.lind@example.com,KK-BWL-SM,1,36.00,7.95,43.95,fulfilled,PB-0919
KK4271,2026-09-19T20:24:00,Dev Reyes,dev.reyes@example.com,KK-MUG-16,1,32.00,7.95,39.95,fulfilled,PB-0919
KK4254,2026-09-19T20:37:00,Nia Kim,nia.kim@example.com,KK-VAS-BUD,1,24.00,7.95,31.95,fulfilled,PB-0919
KK4275,2026-09-19T20:37:00,Gus Okafor,gus.okafor@example.com,KK-MUG-12,1,28.00,7.95,35.95,fulfilled,PB-0919
KK4250,2026-09-19T20:46:00,Tara Kim,tara.kim@example.com,KK-MUG-12,1,28.00,7.95,35.95,fulfilled,PB-0919
KK4256,2026-09-19T21:05:00,Ana Kim,ana.kim@example.com,KK-BWL-SM,1,36.00,7.95,43.95,fulfilled,PB-0919
KK4295,2026-09-20T08:20:00,Pia Kim,pia.kim@example.com,KK-MUG-16,1,32.00,7.95,39.95,fulfilled,PB-0920
KK4303,2026-09-20T08:33:00,Jo Reyes,jo.reyes@example.com,KK-GFT-SET,1,88.00,0.00,88.00,fulfilled,PB-0920
KK4283,2026-09-20T08:50:00,Tara Kim,tara.kim@example.com,KK-MUG-12,1,28.00,7.95,35.95,fulfilled,PB-0920
KK4300,2026-09-20T09:34:00,Farah Moreau,farah.moreau@example.com,KK-BWL-SM,1,36.00,7.95,43.95,fulfilled,PB-0920
KK4286,2026-09-20T10:54:00,Kai Reyes,kai.reyes@example.com,KK-TPT-1L,1,78.00,0.00,78.00,fulfilled,PB-0920
KK4293,2026-09-20T12:09:00,Ben Kim,ben.kim@example.com,KK-MUG-16,1,32.00,7.95,39.95,fulfilled,PB-0920
KK4297,2026-09-20T12:36:00,Hana Okafor,hana.okafor@example.com,KK-BWL-SM,2,72.00,7.95,79.95,fulfilled,PB-0920
KK4298,2026-09-20T12:44:00,Milo Okafor,milo.okafor@example.com,KK-VAS-BUD,2,48.00,7.95,55.95,fulfilled,PB-0920
KK4278,2026-09-20T12:47:00,Chloe Okafor,chloe.okafor@example.com,KK-MUG-12,1,28.00,7.95,35.95,fulfilled,PB-0920
KK4287,2026-09-20T13:04:00,Farah Lind,farah.lind@example.com,KK-MUG-16,1,32.00,7.95,39.95,fulfilled,PB-0920
KK4294,2026-09-20T13:26:00,Farah Reyes,farah.reyes@example.com,KK-MUG-12,1,28.00,7.95,35.95,fulfilled,PB-0920
KK4276,2026-09-20T14:39:00,Sam Patel,sam.patel@example.com,KK-MUG-16,2,64.00,7.95,71.95,fulfilled,PB-0920
KK4301,2026-09-20T14:49:00,Nia Moreau,nia.moreau@example.com,KK-TPT-1L,2,156.00,0.00,156.00,fulfilled,PB-0920
KK4288,2026-09-20T14:55:00,Nia Kim,nia.kim@example.com,KK-VAS-BUD,1,24.00,7.95,31.95,fulfilled,PB-0920
KK4296,2026-09-20T15:03:00,Pia Kim,pia.kim@example.com,KK-VAS-BUD,2,48.00,7.95,55.95,fulfilled,PB-0920
KK4277,2026-09-20T15:18:00,Quinn Reyes,quinn.reyes@example.com,KK-PLT-10,1,30.00,7.95,37.95,fulfilled,PB-0920
KK4280,2026-09-20T15:26:00,Kai Kim,kai.kim@example.com,KK-MUG-12,1,28.00,7.95,35.95,fulfilled,PB-0920
KK4285,2026-09-20T16:17:00,Ben Reyes,ben.reyes@example.com,KK-MUG-12,1,28.00,7.95,35.95,fulfilled,PB-0920
KK4291,2026-09-20T17:23:00,Emi Moreau,emi.moreau@example.com,KK-MUG-12,2,56.00,7.95,63.95,fulfilled,PB-0920
KK4282,2026-09-20T17:27:00,Lena Moreau,lena.moreau@example.com,KK-VAS-BUD,2,48.00,7.95,55.95,fulfilled,PB-0920
KK4289,2026-09-20T17:30:00,Omar Okafor,omar.okafor@example.com,KK-MUG-12,2,56.00,7.95,63.95,fulfilled,PB-0920
KK4284,2026-09-20T18:29:00,Quinn Reyes,quinn.reyes@example.com,KK-VAS-BUD,2,48.00,7.95,55.95,fulfilled,PB-0920
KK4279,2026-09-20T18:50:00,Tara Kim,tara.kim@example.com,KK-MUG-12,1,28.00,7.95,35.95,fulfilled,PB-0920
KK4290,2026-09-20T18:58:00,Dev Lind,dev.lind@example.com,KK-MUG-16,1,32.00,7.95,39.95,fulfilled,PB-0920
KK4299,2026-09-20T19:43:00,Kai Moreau,kai.moreau@example.com,KK-GFT-SET,1,88.00,0.00,88.00,fulfilled,PB-0920
KK4292,2026-09-20T20:57:00,Jo Patel,jo.patel@example.com,KK-MUG-16,1,32.00,7.95,39.95,fulfilled,PB-0920
KK4281,2026-09-20T21:23:00,Jo Reyes,jo.reyes@example.com,KK-MUG-16,1,32.00,7.95,39.95,fulfilled,PB-0920
KK4302,2026-09-20T21:53:00,Sam Patel,sam.patel@example.com,KK-MUG-16,1,32.00,7.95,39.95,fulfilled,PB-0920
